791058cca1d179a676941cac2f5b78ab943a99cc,DELETE,regular-file,zion-os/.next/BUILD_ID,22,
8bd79fc7442bf7f16fcf0f5affbb0b75cc6d54e1,DELETE,regular-file,zion-os/.next/app-build-manifest.json,2308,
030a96369d275a46d337ce0a5fd5feb08809324b,DELETE,regular-file,zion-os/.next/app-path-routes-manifest.json,248,
623829717c6dc1841473f7f43b66c40880812e31,DELETE,regular-file,zion-os/.next/build-manifest.json,967,
76c690a82b1e7330f48c1f1b702649d0cbf245a2,DELETE,regular-file,zion-os/.next/cache/.tsbuildinfo,73039,
cb2c0de4564025a2e117ab7e5704880ba0eb5b04,DELETE,regular-file,zion-os/.next/cache/config.json,185,
cc632925c39175acfe3101037e77e2d5d6753ced,DELETE,regular-file,zion-os/.next/cache/webpack/client-production/0.pack,11938376,
cf99104ea5918a9d8a78111624ce7ede0fbd1be1,DELETE,regular-file,zion-os/.next/cache/webpack/client-production/1.pack,792,
912f9d493c2f50f2f6d6e49515196e306eb1f5e6,DELETE,regular-file,zion-os/.next/cache/webpack/client-production/2.pack,792,
d06d6dba61ce9cb4c92d4895e77dd20cc43e1b7e,DELETE,regular-file,zion-os/.next/cache/webpack/client-production/3.pack,23827,
1df984b002995992725e7baee8ec7200785a7702,DELETE,regular-file,zion-os/.next/cache/webpack/client-production/4.pack,78670,
85641f1f880809a307ada3e12a4720e2607200c6,DELETE,regular-file,zion-os/.next/cache/webpack/client-production/5.pack,180925,
73dacccdfd6a9464cdd98f80a0363bf5ecd8bf16,DELETE,regular-file,zion-os/.next/cache/webpack/client-production/6.pack,4517,
5b9a08619b758c3407b33d8ae5c4ed4b8a39ecae,DELETE,regular-file,zion-os/.next/cache/webpack/client-production/index.pack,1869554,
10f6277bca28167b17224a69ef6d9f209277cf35,DELETE,regular-file,zion-os/.next/cache/webpack/client-production/index.pack.old,1869180,
00aeb53c4c23ed87c6940b455d05a040f95a0c78,DELETE,regular-file,zion-os/.next/cache/webpack/edge-server-production/0.pack,3755799,
19248aab73d6c76291bdfc7a10d9ce0991d2e86a,DELETE,regular-file,zion-os/.next/cache/webpack/edge-server-production/index.pack,167489,
543445e2e2d6974c805210a469bfd9aa3cb65940,DELETE,regular-file,zion-os/.next/cache/webpack/server-production/0.pack,9307862,
fea16d214b8aca009c1384ab99400d0fa58c4310,DELETE,regular-file,zion-os/.next/cache/webpack/server-production/1.pack,36037,
96e10f5383cbf81e80848c663ddb2873737ccacd,DELETE,regular-file,zion-os/.next/cache/webpack/server-production/2.pack,14070,
1dc5fa0a7342c542c836ee1f02229a494f10a21a,DELETE,regular-file,zion-os/.next/cache/webpack/server-production/3.pack,17116,
8dabbc860e74f0af2379f8673e21e9034b5fe1f2,DELETE,regular-file,zion-os/.next/cache/webpack/server-production/4.pack,623851,
2c8fb371ed624447989d186eba6921212baf56f7,DELETE,regular-file,zion-os/.next/cache/webpack/server-production/index.pack,1574888,
93c254e5548ea60f9998d69dd885b9fd52aea8aa,DELETE,regular-file,zion-os/.next/cache/webpack/server-production/index.pack.old,1574859,
22a8fffb6a06e5a5ba72d39f2d50be2d8fec471f,DELETE,regular-file,zion-os/.next/export-detail.json,78,
87c06481b41e29dec5f70cac58ba7acbe564ca23,DELETE,regular-file,zion-os/.next/export/404.html,2010,
720c09a7851f91fc713017dc9ef9de425cb56eb8,DELETE,regular-file,zion-os/.next/export/500.html,1996,
266d090b39b9d6eda874f83e9d4f40914cd9f771,DELETE,regular-file,zion-os/.next/next-minimal-server.js.nft.json,4644,
48425d06adea9f3c91a21406e88a1c849a35adff,DELETE,regular-file,zion-os/.next/next-server.js.nft.json,30128,
22f4ea45ffc6c91ef92949f38e36981a2b2e16ab,DELETE,regular-file,zion-os/.next/prerender-manifest.js,1885,
d8b58b84fba43892541bb394d92a29e543fe4dcd,DELETE,regular-file,zion-os/.next/prerender-manifest.json,1694,
19bb3deaadc68367ca8c2228a5559662ca35757c,DELETE,regular-file,zion-os/.next/routes-manifest.json,1086,
3d590ab3190b30cfe56d4c16b9939ba8f7dc5855,DELETE,regular-file,zion-os/.next/server/app-paths-manifest.json,354,
8dd7d6625e454770775c8c51f34441aeed2e0846,DELETE,regular-file,zion-os/.next/server/app/_not-found.html,14975,
d963320c503ebb241f1a73088f2b3d4dc7f28f7b,DELETE,regular-file,zion-os/.next/server/app/_not-found.rsc,8210,
0a93d03d403903f5b10b6b6202052c1164d0bbbf,DELETE,regular-file,zion-os/.next/server/app/_not-found/page.js,7844,
d81e11c11cbe72b08b280e378dba402d828f4339,DELETE,regular-file,zion-os/.next/server/app/_not-found/page.js.nft.json,1196,
1549bd3d0e7f4792e644f34816df1def62b6f2cf,DELETE,regular-file,zion-os/.next/server/app/_not-found/page_client-reference-manifest.js,2716,
c7125b22586f948a08f7b3add9a178856175369a,DELETE,regular-file,zion-os/.next/server/app/about.html,41930,
ca47eddb5df1b41af52fb572d1f9c9d0f58550f7,DELETE,regular-file,zion-os/.next/server/app/about.meta,110,
1e896976336499999292179ff1741094fe9f4d45,DELETE,regular-file,zion-os/.next/server/app/about.rsc,22525,
49e7e0abe29098e1539ea6a2ebf720352ca8d7a9,DELETE,regular-file,zion-os/.next/server/app/about/page.js,12862,
6bebeee335c4d24c1728b362c7bd28dabc8d0634,DELETE,regular-file,zion-os/.next/server/app/about/page.js.nft.json,1244,
34d63058e90eee3f2480058be2be00b04ee0499a,DELETE,regular-file,zion-os/.next/server/app/about/page_client-reference-manifest.js,2706,
374ab26ce9e11c668a3e76f97d1b756ceb75e34d,DELETE,regular-file,zion-os/.next/server/app/accessibility.html,53439,
c68361d05ee49d4603ae7bbe0eaf7a7822a8f8a3,DELETE,regular-file,zion-os/.next/server/app/accessibility.meta,134,
ac294cc3d9baa76100fd308f3e23744a27b944d8,DELETE,regular-file,zion-os/.next/server/app/accessibility.rsc,28490,
a529fda037df0d9f83cefdbe9cfa753cd5723715,DELETE,regular-file,zion-os/.next/server/app/accessibility/page.js,18527,
155b24c5808587dc5c1ab5f27f9cf33daf0de493,DELETE,regular-file,zion-os/.next/server/app/accessibility/page.js.nft.json,1243,
7c2bad4ccfabf32949e5eeada86daf99a2e17605,DELETE,regular-file,zion-os/.next/server/app/accessibility/page_client-reference-manifest.js,2721,
98a59d81b5b6cbf55d9296ede770dc10135847fe,DELETE,regular-file,zion-os/.next/server/app/admin/instances.html,18475,
1eec32b681fee2495f7746ff2ce3e7f0fef2cd83,DELETE,regular-file,zion-os/.next/server/app/admin/instances.rsc,10328,
1ef5e467d6bd2fbbd7e8f93a1a06429572599b69,DELETE,regular-file,zion-os/.next/server/app/admin/instances/page.js,13638,
fdc4927edaed054f40a62ebc3ec4304c643a1cb5,DELETE,regular-file,zion-os/.next/server/app/admin/instances/page.js.nft.json,1794,
ecc39309b3aefae488baeed6f262c88db269e9c7,DELETE,regular-file,zion-os/.next/server/app/admin/instances/page_client-reference-manifest.js,2771,
e7e802d0be0037624e983f55d0e18d248e0b0414,DELETE,regular-file,zion-os/.next/server/app/admin/os-deploy.html,29191,
3c80b411f090bb24bd050470389d38daf70d414e,DELETE,regular-file,zion-os/.next/server/app/admin/os-deploy.rsc,8543,
938c6df67cdfbd70ebfd5ed589f69a042e7dcb72,DELETE,regular-file,zion-os/.next/server/app/admin/os-deploy/page.js,3022,
e52c2dfa8ba7e8d09b9796e67565fcc2d0634325,DELETE,regular-file,zion-os/.next/server/app/admin/os-deploy/page.js.nft.json,1327,
059ff180301d7421d754712b6c6289566631e17f,DELETE,regular-file,zion-os/.next/server/app/admin/os-deploy/page_client-reference-manifest.js,2929,
3fe6c3072c602abb9f4bdf3c1c21209889e83015,DELETE,regular-file,zion-os/.next/server/app/ai-autonomous-business-manager.html,50532,
c926d3918958a0b89b7bea9af75659a748e15eea,DELETE,regular-file,zion-os/.next/server/app/ai-autonomous-business-manager.meta,185,
355dd7501f46648db003cd7d7453ba625962488d,DELETE,regular-file,zion-os/.next/server/app/ai-autonomous-business-manager.rsc,26048,
5741f3a849ca401a49aeb934cd25933ed5b6f92e,DELETE,regular-file,zion-os/.next/server/app/ai-autonomous-business-manager/page.js,16207,
7ebf736b0d0444259040b189462228e7c297b0e9,DELETE,regular-file,zion-os/.next/server/app/ai-autonomous-business-manager/page.js.nft.json,1266,
3c5013e922f4c8e2075e207dced17fd726b1c96d,DELETE,regular-file,zion-os/.next/server/app/ai-autonomous-business-manager/page_client-reference-manifest.js,3827,
48ed78a4745759e318b96358fbe60307762ec6b9,DELETE,regular-file,zion-os/.next/server/app/ai-autonomous-research-assistant.html,53560,
2231a3ae4ba8487efbc7adb4e61202992bffd8b6,DELETE,regular-file,zion-os/.next/server/app/ai-autonomous-research-assistant.meta,191,
cd08bbdbc38af10d177d889d1c4f7e059003679b,DELETE,regular-file,zion-os/.next/server/app/ai-autonomous-research-assistant.rsc,28645,
ad54f7066b9d988a8d93c25636456593eafe4c4e,DELETE,regular-file,zion-os/.next/server/app/ai-autonomous-research-assistant/page.js,18725,
155b24c5808587dc5c1ab5f27f9cf33daf0de493,DELETE,regular-file,zion-os/.next/server/app/ai-autonomous-research-assistant/page.js.nft.json,1243,
803645b19b45fe5ede9b6d9c2e288cc1bf51d277,DELETE,regular-file,zion-os/.next/server/app/ai-autonomous-research-assistant/page_client-reference-manifest.js,2759,
faf767d0e786249ab3890eb000d674953f173651,DELETE,regular-file,zion-os/.next/server/app/api/deploy/route.js,61091,
769747b1c758865a3f1e1e2e5c4eb7e22c1bdd0f,DELETE,regular-file,zion-os/.next/server/app/api/deploy/route.js.nft.json,1845,
3dd645f51298b44a6bac0bd11bfef5122f6cf2bb,DELETE,regular-file,zion-os/.next/server/app/api/health.body,31,
c5231f0c0eb890a7bec941dbf7868293b6baa1c8,DELETE,regular-file,zion-os/.next/server/app/api/health/route.js.nft.json,1328,
e4e7fca8be51528cca582afb5c958bea488d304c,DELETE,regular-file,zion-os/.next/server/app/case-studies.html,60605,
6b529e569bb127c1b8a57bde0a323e7fb9278af9,DELETE,regular-file,zion-os/.next/server/app/case-studies.meta,131,
8b9153976409ab2e0fe87371c8cc92f6aa7b2c31,DELETE,regular-file,zion-os/.next/server/app/case-studies.rsc,32530,
cbebbc6d86a5bbe0eb1cb211f5577b556eb88ad1,DELETE,regular-file,zion-os/.next/server/app/case-studies/page.js,19450,
6bebeee335c4d24c1728b362c7bd28dabc8d0634,DELETE,regular-file,zion-os/.next/server/app/case-studies/page.js.nft.json,1244,
82ef32a5065fd2be98a6793d2940dc202587bfa6,DELETE,regular-file,zion-os/.next/server/app/case-studies/page_client-reference-manifest.js,2553,
e7f6f88e56871265989bd51678b85785abed30d9,DELETE,regular-file,zion-os/.next/server/app/contact.html,46699,
c6281f0b025f753ca53b3f3f9187a8af5acea15d,DELETE,regular-file,zion-os/.next/server/app/contact.meta,116,
be5dea9f606516a218155b709559fbea381ee68a,DELETE,regular-file,zion-os/.next/server/app/contact.rsc,24930,
5ba6db4b32fdb8e00607def261ec866c889b8c70,DELETE,regular-file,zion-os/.next/server/app/contact/page.js,15190,
6bebeee335c4d24c1728b362c7bd28dabc8d0634,DELETE,regular-file,zion-os/.next/server/app/contact/page.js.nft.json,1244,
0ff05fcb9689523001f323ec80926a9cddcd8fe2,DELETE,regular-file,zion-os/.next/server/app/contact/page_client-reference-manifest.js,2710,
cabc27fc6ad11282ae29286fc6f9523187a06820,DELETE,regular-file,zion-os/.next/server/app/cookies.html,47862,
c3eda5a9e6c66490551b74dec1d56c23539bb28e,DELETE,regular-file,zion-os/.next/server/app/cookies.meta,116,
aeb7f6d4808f4dd397ff98cb0a88f5b3f85b627d,DELETE,regular-file,zion-os/.next/server/app/cookies.rsc,25764,
67762df4bdbac915e3469d27bd090d6547f6ebf6,DELETE,regular-file,zion-os/.next/server/app/cookies/page.js,13224,
6bebeee335c4d24c1728b362c7bd28dabc8d0634,DELETE,regular-file,zion-os/.next/server/app/cookies/page.js.nft.json,1244,
a114f648b19c48fb5d1457259787c27f1fd71e09,DELETE,regular-file,zion-os/.next/server/app/cookies/page_client-reference-manifest.js,2543,
bc138ba99f2660b211c7d09ef0f44c4f902feec9,DELETE,regular-file,zion-os/.next/server/app/docs.html,48660,
1ae559c390602ede8d85b0f09397f0b00d235263,DELETE,regular-file,zion-os/.next/server/app/docs.rsc,25550,
0dd05bca8fa123f0a7519cbfdb75da2e3c558c35,DELETE,regular-file,zion-os/.next/server/app/docs/page.js,15219,
7ebf736b0d0444259040b189462228e7c297b0e9,DELETE,regular-file,zion-os/.next/server/app/docs/page.js.nft.json,1266,
9bc1d552133350d6cb043f6c437038aa5a7a1d61,DELETE,regular-file,zion-os/.next/server/app/docs/page_client-reference-manifest.js,3724,
970728ffb3cef4a107be7772ab67d26a92f3789e,DELETE,regular-file,zion-os/.next/server/app/index.html,29261,
f76d0d6c26e793478349fd27acfd80ebe3afb253,DELETE,regular-file,zion-os/.next/server/app/index.rsc,15841,
7ca43419f2892629d8e2c4df37ad15a5b96e5756,DELETE,regular-file,zion-os/.next/server/app/multiverse/launch.html,27647,
3722827a4532bfad9895e6c080d29a55b8f075af,DELETE,regular-file,zion-os/.next/server/app/multiverse/launch.rsc,7661,
78a8f6631d6487b6cd08e79918b88010dfc022a3,DELETE,regular-file,zion-os/.next/server/app/multiverse/launch/page.js,2195,
e52c2dfa8ba7e8d09b9796e67565fcc2d0634325,DELETE,regular-file,zion-os/.next/server/app/multiverse/launch/page.js.nft.json,1327,
8119aa4662516052077d6bc6f11a3ed8245fcc4f,DELETE,regular-file,zion-os/.next/server/app/multiverse/launch/page_client-reference-manifest.js,2890,
7eed01aeb817a30cc1a134d2135629f210d4a564,DELETE,regular-file,zion-os/.next/server/app/page.js,13156,
81bf17b6323e36debab1dc3fd2083f4b24e97c09,DELETE,regular-file,zion-os/.next/server/app/page.js.nft.json,1169,
663c63ee13744d7614d385ac840f9d6e75602d74,DELETE,regular-file,zion-os/.next/server/app/page_client-reference-manifest.js,2657,
0fd06e5d515707d433edbfc6670baddd26e5fafa,DELETE,regular-file,zion-os/.next/server/app/pricing.html,23559,
8e2fdabc50b205f3720c64c29794a4a791697d7f,DELETE,regular-file,zion-os/.next/server/app/pricing.meta,116,
6ac466da559134d38ba1855ef84f40df3715497a,DELETE,regular-file,zion-os/.next/server/app/pricing.rsc,3526,
cb5c5dfbcc1175be03b4c310021e682b0b77a006,DELETE,regular-file,zion-os/.next/server/app/pricing/page.js,13987,
ce1146736db000747606d2f854f3f5aeed3baaff,DELETE,regular-file,zion-os/.next/server/app/pricing/page.js.nft.json,157,
56e21d178fd9d07029731be59e52a2443074a18b,DELETE,regular-file,zion-os/.next/server/app/pricing/page_client-reference-manifest.js,3407,
f48004b365e569eeda395cad380eeac90989743c,DELETE,regular-file,zion-os/.next/server/app/privacy.html,43910,
b5207efff213a28a64e1e9fac15b0828bccade90,DELETE,regular-file,zion-os/.next/server/app/privacy.meta,116,
89d52b2e5dc156a383cb0ec9d428899d2786d806,DELETE,regular-file,zion-os/.next/server/app/privacy.rsc,23803,
ec0716ee9fe2a8d6896ebaeca47240caf50e3955,DELETE,regular-file,zion-os/.next/server/app/privacy/page.js,14124,
6bebeee335c4d24c1728b362c7bd28dabc8d0634,DELETE,regular-file,zion-os/.next/server/app/privacy/page.js.nft.json,1244,
38943fee3481cd148e39fc97e5cc9c2a7f83cf19,DELETE,regular-file,zion-os/.next/server/app/privacy/page_client-reference-manifest.js,2710,
3cadc163cece0bc94b7e5f4074de747a793129c9,DELETE,regular-file,zion-os/.next/server/app/research.html,59563,
c18dfdf5f9b6ce25fd5d57acb4fd95cfd2be5409,DELETE,regular-file,zion-os/.next/server/app/research.meta,119,
9133d55476a07d737030e747fb6fff9105c91ad5,DELETE,regular-file,zion-os/.next/server/app/research.rsc,31815,
7b6c53e2129daf201c1a1ab3764b95c61e16789b,DELETE,regular-file,zion-os/.next/server/app/research/page.js,21627,
155b24c5808587dc5c1ab5f27f9cf33daf0de493,DELETE,regular-file,zion-os/.next/server/app/research/page.js.nft.json,1243,
abd57b573ed452589381bfba78e31f749066e581,DELETE,regular-file,zion-os/.next/server/app/research/page_client-reference-manifest.js,2712,
3fd0b26f6467829b032d250f1d362a80b252669e,DELETE,regular-file,zion-os/.next/server/app/services.html,52078,
f74d5115f69d7efeca9f6a7ebcc6cf7ca0a3fa6a,DELETE,regular-file,zion-os/.next/server/app/services.meta,119,
e3d082118cde18e086f33317fae1120baa66a30a,DELETE,regular-file,zion-os/.next/server/app/services.rsc,27623,
a5d984798ab977098b7b681d47e90c14bf5d67f7,DELETE,regular-file,zion-os/.next/server/app/services/page.js,17651,
6bebeee335c4d24c1728b362c7bd28dabc8d0634,DELETE,regular-file,zion-os/.next/server/app/services/page.js.nft.json,1244,
a50e7d3b4d9ed9531a715d28bf7d2d7715439deb,DELETE,regular-file,zion-os/.next/server/app/services/page_client-reference-manifest.js,2712,
c8442d9ecb4ddef5d5bf3a88ca5b5a64e2f7e5e1,DELETE,regular-file,zion-os/.next/server/app/sitemap.xml.body,20777,
b5cf59b3adc3335cfb9a0d4773edd7ea398fc62d,DELETE,regular-file,zion-os/.next/server/app/sitemap.xml.meta,214,
15d872cd6005dc661aba75897e61a92cac9a9b19,DELETE,regular-file,zion-os/.next/server/app/sitemap.xml/route.js,44947,
87a4ba3b5474f2a554996d8daf5272bf7b7436fe,DELETE,regular-file,zion-os/.next/server/app/sitemap.xml/route.js.nft.json,1248,
754eefa8d596bb18f874f5f72468151a753199fd,DELETE,regular-file,zion-os/.next/server/app/solutions.html,57367,
735686e779086263274988ee7369f7b90b3ca423,DELETE,regular-file,zion-os/.next/server/app/solutions.meta,122,
90b270ce6fcf84058f577dda9cd8651ca425a1f1,DELETE,regular-file,zion-os/.next/server/app/solutions.rsc,30491,
274a9af40c61d4d1e236811f67b351bd7463e126,DELETE,regular-file,zion-os/.next/server/app/solutions/page.js,20394,
155b24c5808587dc5c1ab5f27f9cf33daf0de493,DELETE,regular-file,zion-os/.next/server/app/solutions/page.js.nft.json,1243,
6dd4a9c01c534800e91da0ee85d8df356ec2518b,DELETE,regular-file,zion-os/.next/server/app/solutions/page_client-reference-manifest.js,2714,
aa71a37cdb736f82c91c0939a3df08c3f21bec5e,DELETE,regular-file,zion-os/.next/server/app/terms.html,43851,
add3c9b0b5152728ae6472854df1e11311ea4e3b,DELETE,regular-file,zion-os/.next/server/app/terms.meta,110,
7276787d299388e901b01c8f05341f03b2e186ae,DELETE,regular-file,zion-os/.next/server/app/terms.rsc,23657,
0e0ef9eca26490680c11c571567f6b022ea6e118,DELETE,regular-file,zion-os/.next/server/app/terms/page.js,14027,
6bebeee335c4d24c1728b362c7bd28dabc8d0634,DELETE,regular-file,zion-os/.next/server/app/terms/page.js.nft.json,1244,
b07889c417221f3cde358679dd9a5a1d70b2e8b9,DELETE,regular-file,zion-os/.next/server/app/terms/page_client-reference-manifest.js,2706,
43bf4553964c21b5955f66c8f2296f1bce60fda0,DELETE,regular-file,zion-os/.next/server/chunks/225.js,16261,
1221dd8cc98b5f18f85daf8d0807edd9fde5ac8f,DELETE,regular-file,zion-os/.next/server/chunks/376.js,15231,
c5d039aea255279adb44f8748419e5e9b38a7c68,DELETE,regular-file,zion-os/.next/server/chunks/389.js,19493,
a04c5e74f5069a1f9d777bd7d75f5801c9ff1d2a,DELETE,regular-file,zion-os/.next/server/chunks/850.js,7742,
da2b8d3d676a4dd8f8807b0e640dcb83fc6aa70d,DELETE,regular-file,zion-os/.next/server/chunks/90.js,8613,
fe51488c7066f6687ef680d6bfaa4f7768ef205c,DELETE,regular-file,zion-os/.next/server/chunks/font-manifest.json,3,
fe51488c7066f6687ef680d6bfaa4f7768ef205c,DELETE,regular-file,zion-os/.next/server/font-manifest.json,3,
eea921120cdee83bf2996150ced494c76afa33f8,DELETE,regular-file,zion-os/.next/server/functions-config-manifest.json,29,
22101f83e52786121c3c29f8a1205d49f389e689,DELETE,regular-file,zion-os/.next/server/middleware-build-manifest.js,823,
d854a8b59aa2fb76068ee6ec282bb7cc1c741c7f,DELETE,regular-file,zion-os/.next/server/middleware-manifest.json,1060,
5dc7a0374b6d4e7710a99eacf034de3454bdae20,DELETE,regular-file,zion-os/.next/server/pages-manifest.json,112,
8dd7d6625e454770775c8c51f34441aeed2e0846,DELETE,regular-file,zion-os/.next/server/pages/404.html,14975,
2f3593118ce89708ceee89ad35482a8ebbe66099,DELETE,regular-file,zion-os/.next/server/pages/500.html,1996,
b4d62c1052f639f72b332a1d4514bda706849ee0,DELETE,regular-file,zion-os/.next/server/pages/_app.js.nft.json,518,
a79cfaab9728815b2b469224a57d917f0ce679da,DELETE,regular-file,zion-os/.next/server/pages/_document.js.nft.json,1933,
13470f13976fc2221bd11d922d89b347a89ca941,DELETE,regular-file,zion-os/.next/server/pages/_error.js.nft.json,1856,
ede0a205109c3799b119c669e81a9a63a83d79ea,DELETE,regular-file,zion-os/.next/server/server-reference-manifest.js,122,
2c056f0d4e3f9a00c3a9404b814cdb1589e29e57,DELETE,regular-file,zion-os/.next/server/server-reference-manifest.json,85,
c90914ddcc2e6f9b6900e9d7b2c6fd94113c08cd,DELETE,regular-file,zion-os/.next/static/5M6izLLRMPwVF6pUBDxfM/_buildManifest.js,224,
5b3ff592fd46c8736892a12864fdf3fed8775202,DELETE,regular-file,zion-os/.next/static/5M6izLLRMPwVF6pUBDxfM/_ssgManifest.js,80,
c90914ddcc2e6f9b6900e9d7b2c6fd94113c08cd,DELETE,regular-file,zion-os/.next/static/Cc8YR9hvwP1mi0FOFqn5a/_buildManifest.js,224,
5b3ff592fd46c8736892a12864fdf3fed8775202,DELETE,regular-file,zion-os/.next/static/Cc8YR9hvwP1mi0FOFqn5a/_ssgManifest.js,80,
c90914ddcc2e6f9b6900e9d7b2c6fd94113c08cd,DELETE,regular-file,zion-os/.next/static/OOQnvCz1bY4q6mizgYWw2/_buildManifest.js,224,
5b3ff592fd46c8736892a12864fdf3fed8775202,DELETE,regular-file,zion-os/.next/static/OOQnvCz1bY4q6mizgYWw2/_ssgManifest.js,80,
c90914ddcc2e6f9b6900e9d7b2c6fd94113c08cd,DELETE,regular-file,zion-os/.next/static/UI8carcqBU1EB9rEJQFi9/_buildManifest.js,224,
5b3ff592fd46c8736892a12864fdf3fed8775202,DELETE,regular-file,zion-os/.next/static/UI8carcqBU1EB9rEJQFi9/_ssgManifest.js,80,
c90914ddcc2e6f9b6900e9d7b2c6fd94113c08cd,DELETE,regular-file,zion-os/.next/static/XUxkdiPd7oh9m-_WYnRJO/_buildManifest.js,224,
0511aa895e5036ab4b50d97112e1d6aed9a3cd79,DELETE,regular-file,zion-os/.next/static/XUxkdiPd7oh9m-_WYnRJO/_ssgManifest.js,77,
111c7dacdbc8b11bee08a962cf464ed61b8118a4,DELETE,regular-file,zion-os/.next/static/chunks/23-7bc4d58157a5df57.js,123350,
111c7dacdbc8b11bee08a962cf464ed61b8118a4,DELETE,regular-file,zion-os/.next/static/chunks/23-b75664ace61c0abb.js,123350,
30e7d1bffdd1a9b45ce6ab3682eaadd70b27d725,DELETE,regular-file,zion-os/.next/static/chunks/381-419477b65d9cf85d.js,7592,
30e7d1bffdd1a9b45ce6ab3682eaadd70b27d725,DELETE,regular-file,zion-os/.next/static/chunks/381-d0a4374f10c3185c.js,7592,
fd3c9f974c2659ede83ef1cc1000f4d774857183,DELETE,regular-file,zion-os/.next/static/chunks/617-5d014d7b173061b6.js,14698,
9a14bf61c2471fc691f3cd5201c6c50a859e221d,DELETE,regular-file,zion-os/.next/static/chunks/app/_not-found/page-05886c10710171db.js,1744,
9a14bf61c2471fc691f3cd5201c6c50a859e221d,DELETE,regular-file,zion-os/.next/static/chunks/app/_not-found/page-eb6d3dc737531fa7.js,1744,
0bc09f7b26e679d570cbbe98ae0f9fed11a56b24,DELETE,regular-file,zion-os/.next/static/chunks/app/about/page-1528e72f4465cd31.js,230,
3ea01e2f6bff7c798eac05973bd9ddf0727a22e0,DELETE,regular-file,zion-os/.next/static/chunks/app/about/page-3d0df044262b7851.js,201,
0859f867a354d8f3cb14247e99ec3463c964081e,DELETE,regular-file,zion-os/.next/static/chunks/app/about/page-499248fee1dcc86a.js,195,
de33a4b8e69c4641ccfb27f7dfb961bd21b57c7b,DELETE,regular-file,zion-os/.next/static/chunks/app/about/page-78bd85426c81e2c6.js,178,
2f8a308f54667b9d7f54eccf7114a63ce81a38db,DELETE,regular-file,zion-os/.next/static/chunks/app/accessibility/page-491ff5a1fdd29a7b.js,201,
5403fa2e0b2a15236a1e070497cda295b9ea6005,DELETE,regular-file,zion-os/.next/static/chunks/app/admin/instances/page-34f58c1578b5aa46.js,178,
a2ca3d69668d22e51f24787296ae6a9a0252ce93,DELETE,regular-file,zion-os/.next/static/chunks/app/admin/instances/page-c871ba930ca7522d.js,201,
9d29323381ce80d77b7e8193350e31dda53ffe4a,DELETE,regular-file,zion-os/.next/static/chunks/app/admin/layout-3a206d21d8004b09.js,178,
5101bce363a2a6837216cdae11cc05ad55a9d065,DELETE,regular-file,zion-os/.next/static/chunks/app/admin/layout-66c0308df7b938e2.js,201,
127833afcce3c458add0f40fae8aa9ba17b10996,DELETE,regular-file,zion-os/.next/static/chunks/app/admin/layout-a55c7d72f3346103.js,170,
db4a29ff3284be285b4f3fc43f6e9fba0872b169,DELETE,regular-file,zion-os/.next/static/chunks/app/admin/os-deploy/page-a6fedc5f4f31ba63.js,208,
43819df810e6420a75be8d18503bfba5b7e6c43f,DELETE,regular-file,zion-os/.next/static/chunks/app/ai-autonomous-business-manager/page-0dad83fba4e59700.js,230,
d6b71f71f43cb3d45a348a8c3458d56242c37e93,DELETE,regular-file,zion-os/.next/static/chunks/app/ai-autonomous-research-assistant/page-044b095b364dc008.js,201,
8c0a5b510981522f1480b8117e9a73212c16d5af,DELETE,regular-file,zion-os/.next/static/chunks/app/case-studies/page-118bd84f9117ec90.js,230,
2c7e020a36b9e2c27e1c215b4e7f64f48f0e53c2,DELETE,regular-file,zion-os/.next/static/chunks/app/case-studies/page-6ab62489de73873e.js,12447,
d771b98cfd2e62047c4f0a37a2fc1f727377fa3b,DELETE,regular-file,zion-os/.next/static/chunks/app/case-studies/page-f18380fcb0c32881.js,195,
5a07a041b714f9db082ff9a9c539f52d0fb4d688,DELETE,regular-file,zion-os/.next/static/chunks/app/contact/page-7795b19cb852be70.js,14260,
fb062f2aa8ef5a3be256312fea8ba4e54f2d0806,DELETE,regular-file,zion-os/.next/static/chunks/app/contact/page-835e74747690e379.js,201,
36a3c2ed07d058e127b7b7867498210460d2ef8a,DELETE,regular-file,zion-os/.next/static/chunks/app/contact/page-c59c528a96c9ed95.js,195,
1127724879d8b5c2591f48d48243c36d92537699,DELETE,regular-file,zion-os/.next/static/chunks/app/contact/page-df27512081018176.js,13408,
a0ed05d4c068373bbcbe602165e7f5823dc0e797,DELETE,regular-file,zion-os/.next/static/chunks/app/contact/page-f662cd99590cfcd3.js,9573,
139e375f809036150629b8a6f85608353965a588,DELETE,regular-file,zion-os/.next/static/chunks/app/cookies/page-26ebb0111bd255a3.js,195,
512ec92d9ce64495719d48f84442ce6bde8effed,DELETE,regular-file,zion-os/.next/static/chunks/app/cookies/page-a5c4e0e483ff4e69.js,170,
34e79c953f0608f99ed9ac87be1fea1c2b5e1d3c,DELETE,regular-file,zion-os/.next/static/chunks/app/docs/page-2d29f8b4fa5f7829.js,230,
5a23b460d5099a9e1695519d15422dfc85385301,DELETE,regular-file,zion-os/.next/static/chunks/app/layout-ad6aaceab892d946.js,8121,
03f56a2079fc59bfbbc051a2e7a0a6c58588c907,DELETE,regular-file,zion-os/.next/static/chunks/app/multiverse/launch/page-47cfe89f0677f293.js,210,
d2c53288ebd8a6ca9f65b6453e847dc391dfab25,DELETE,regular-file,zion-os/.next/static/chunks/app/page-332cbc484a223f90.js,178,
94a410fdc92720ef39d59e3fc570e89a0620104d,DELETE,regular-file,zion-os/.next/static/chunks/app/page-4c7b7f5ac6d331b8.js,195,
014a8d2de4cce4df095dc154e7a7076ddba63cd4,DELETE,regular-file,zion-os/.next/static/chunks/app/page-4e3345b5ccdb87b3.js,230,
b214a8ed93242d8bc9aafb76a67da6732c04ed31,DELETE,regular-file,zion-os/.next/static/chunks/app/page-76f085bbf1ae175a.js,166,
c008cd886b27d9e290303c3fbe247bc2ff7e2dad,DELETE,regular-file,zion-os/.next/static/chunks/app/page-9b21d16651577817.js,201,
d8d61e2f030ff849fe741cd39a71edd0c67b62f4,DELETE,regular-file,zion-os/.next/static/chunks/app/pricing/page-eb9bfe6300d13ed6.js,10770,
eed8df346b9daada41e17c1bd8dd31cd181cbc27,DELETE,regular-file,zion-os/.next/static/chunks/app/privacy/page-2b6b11eb1ccf4df5.js,201,
102db098f6e69b38326fdf9efa39a56cec19c5a6,DELETE,regular-file,zion-os/.next/static/chunks/app/privacy/page-43d2bf28bb5b3dd1.js,170,
982de66d2bb6e02b31f87cde2120c7eaa1ee7c40,DELETE,regular-file,zion-os/.next/static/chunks/app/privacy/page-da14fdb6e8efe75a.js,195,
8264aa402968caa980aa5f00df3f6159379c4e3d,DELETE,regular-file,zion-os/.next/static/chunks/app/research/page-9e5ca8de92037f54.js,201,
abbfca81bb98a7022a4e7584b2b9fee005731f87,DELETE,regular-file,zion-os/.next/static/chunks/app/research/page-f71678dee61f45bf.js,195,
116a3e6451728c48f22d0bd379969f7dcc2d9969,DELETE,regular-file,zion-os/.next/static/chunks/app/services/page-4606a03f04a8b8c4.js,230,
d0ba1556ab1e5873b46ca75585b77127ab741846,DELETE,regular-file,zion-os/.next/static/chunks/app/services/page-7eb47273bdf095eb.js,178,
a60b1125d7f3e5698a76166a989c982ebda44037,DELETE,regular-file,zion-os/.next/static/chunks/app/services/page-80b99523b2ab3ec2.js,27679,
800f7a685d7b0664861a171e5a74afc7eb36389d,DELETE,regular-file,zion-os/.next/static/chunks/app/services/page-fbf970d009d10a21.js,201,
c9980b3eb22459600bdce1407b8063f26f1194d0,DELETE,regular-file,zion-os/.next/static/chunks/app/services/page-fea6edc9177fe282.js,195,
6ecd285644c1b5d7276bd5a4e34e7b495fc205a6,DELETE,regular-file,zion-os/.next/static/chunks/app/services/page-ff9fb2c2d8abdc41.js,40154,
7d0aebbb14626eac78f5d02c69a1a5b2684746b6,DELETE,regular-file,zion-os/.next/static/chunks/app/solutions/page-3216aae4fce3b554.js,195,
d256b116485c3a79c50df7088ab9ffcfc3df28b2,DELETE,regular-file,zion-os/.next/static/chunks/app/solutions/page-e657c30c13ac3aaf.js,201,
6d9f0b431f6af79256d8370dba1c37d59ae38f61,DELETE,regular-file,zion-os/.next/static/chunks/app/solutions/page-f657ee79d384188b.js,178,
51f1a7ce7ed3df35b079f8a92d6e46dc8cee3a22,DELETE,regular-file,zion-os/.next/static/chunks/app/terms/page-1b137149801a9d2f.js,170,
9fe20e94d23692d4823dc0c86a8332e1bd26f33e,DELETE,regular-file,zion-os/.next/static/chunks/app/terms/page-772fc34fc2b145a3.js,195,
8688d89343cb1eec4797e5104eead9b8d9df7d56,DELETE,regular-file,zion-os/.next/static/chunks/app/terms/page-86d5fd3e54a29fc6.js,201,
fa8340dba61c0c86718e383cc46e76e41837a982,DELETE,regular-file,zion-os/.next/static/chunks/fd9d1056-2821b0f0cabcd8bd.js,172831,
fa8340dba61c0c86718e383cc46e76e41837a982,DELETE,regular-file,zion-os/.next/static/chunks/fd9d1056-8042ad09b3c311e2.js,172831,
60557d3cc916a6357726d0b5606f6f8f41c51314,DELETE,regular-file,zion-os/.next/static/chunks/main-27955fae8e5041ef.js,110627,
76bdaf728d362d423f781499c052b5e0ef1faf04,DELETE,regular-file,zion-os/.next/static/chunks/main-6ae4580ecf668a7c.js,110549,
971601d5913644210e33feb2abfe26cfa8c1e386,DELETE,regular-file,zion-os/.next/static/chunks/main-7fc60e584f74c870.js,110780,
971601d5913644210e33feb2abfe26cfa8c1e386,DELETE,regular-file,zion-os/.next/static/chunks/main-caf25fd95f93fa34.js,110780,
ec860625167647b598ca2c3304f32640701f0de0,DELETE,regular-file,zion-os/.next/static/chunks/main-d4b6025fd4eadbaf.js,110549,
dae306593a68b6f19e95440593307940117e1bcb,DELETE,regular-file,zion-os/.next/static/chunks/main-dfba8be3bdbe6579.js,110741,
654678fdcc3d485c03ad3ea9dc7e8d16ac8902e4,DELETE,regular-file,zion-os/.next/static/css/57fc6a47df98ae5b.css,14560,
1801cca1d4cc55f4038775d37dcf057d181b41fc,DELETE,regular-file,zion-os/.next/static/css/6a3aee62f2f9333d.css,23187,
7ee9211e36bb2eda6d3063982a0a2fa146e33535,DELETE,regular-file,zion-os/.next/static/css/6b0427a93b429524.css,18604,
d3a9b4251c5023deb6ae6b271b7afdd917d11aa2,DELETE,regular-file,zion-os/.next/static/css/97833a18a33a2e13.css,20273,
e37f7b4cb584b5bdfdf7268952fbce11fe675990,DELETE,regular-file,zion-os/.next/static/css/c3aa3e642cbb277e.css,25200,
c0ece29127b4f3f62b0dd30cf6a67ca7fd7d97dc,DELETE,regular-file,zion-os/.next/static/css/c447221521b1031d.css,21041,
716c120c0b4f34c6eb8f851e07646322e9b2adf6,DELETE,regular-file,zion-os/.next/static/css/f1efded5a2340a52.css,22456,
c90914ddcc2e6f9b6900e9d7b2c6fd94113c08cd,DELETE,regular-file,zion-os/.next/static/pWAo1t498zhh7bnh9EyvE/_buildManifest.js,224,
5b3ff592fd46c8736892a12864fdf3fed8775202,DELETE,regular-file,zion-os/.next/static/pWAo1t498zhh7bnh9EyvE/_ssgManifest.js,80,
c90914ddcc2e6f9b6900e9d7b2c6fd94113c08cd,DELETE,regular-file,zion-os/.next/static/pWHmNOD6oaeixKyfIEKI5/_buildManifest.js,224,
5b3ff592fd46c8736892a12864fdf3fed8775202,DELETE,regular-file,zion-os/.next/static/pWHmNOD6oaeixKyfIEKI5/_ssgManifest.js,80,
c90914ddcc2e6f9b6900e9d7b2c6fd94113c08cd,DELETE,regular-file,zion-os/.next/static/rqoB7FoCR-w768VQVsXrd/_buildManifest.js,224,
0511aa895e5036ab4b50d97112e1d6aed9a3cd79,DELETE,regular-file,zion-os/.next/static/rqoB7FoCR-w768VQVsXrd/_ssgManifest.js,77,
474cc0d2e11e46a65582b58ef82d7c40fe45d06d,DELETE,regular-file,zion-os/.next/trace,42319,
f4753e664c0e58353491bbec174ce9041117a41c,DELETE,regular-file,zion-os/.next/types/app/about/page.ts,3486,
093cc0b0f8462f8789d1c25670d14bcf516e67c5,DELETE,regular-file,zion-os/.next/types/app/accessibility/page.ts,3510,
270248e8d54c9260016c218ff48cab48b685909c,DELETE,regular-file,zion-os/.next/types/app/ai-autonomous-business-manager/page.ts,3561,
0cdb391f3e5df4f56043546749d6753de5f33bb0,DELETE,regular-file,zion-os/.next/types/app/ai-autonomous-research-assistant/page.ts,3567,
65eb8792457cfdb28ebb240abe4a04bbe7e163bd,DELETE,regular-file,zion-os/.next/types/app/case-studies/page.ts,3507,
2b094f1774a264bf1f37251df1a0b782fbc6735d,DELETE,regular-file,zion-os/.next/types/app/contact/page.ts,3492,
c716b527449ba2c30e31765cac291162dbdb7805,DELETE,regular-file,zion-os/.next/types/app/cookies/page.ts,3492,
0a709a2c66315cbee7f0fd434877d9c98bf74ef8,DELETE,regular-file,zion-os/.next/types/app/pricing/page.ts,3492,
0b2772494cf19ce8dc110b63902cd9c4877aae80,DELETE,regular-file,zion-os/.next/types/app/privacy/page.ts,3492,
e2c0584276ed9b7170ea3286b8af6368f661aab7,DELETE,regular-file,zion-os/.next/types/app/research/page.ts,3495,
85dab92a78429be2e0f5f701759755f95433349c,DELETE,regular-file,zion-os/.next/types/app/services/page.ts,3495,
a466c1492ae9a46431373abfef9fea6a3622a612,DELETE,regular-file,zion-os/.next/types/app/solutions/page.ts,3498,
d249ad6bc082428f2daf6fdbd8a3c60da7f54cd8,DELETE,regular-file,zion-os/.next/types/app/terms/page.ts,3486,
